{
    "D": 2,
    "N_private": 100000,
    "Ns_public": [
        1,
        2,
        3,
        4,
        5,
        6,
        7,
        8,
        9,
        10,
        11,
        12,
        13,
        14,
        16,
        17,
        19,
        21,
        23,
        25,
        28,
        31,
        34,
        37,
        41,
        45,
        49,
        54,
        59,
        65,
        72,
        79,
        86,
        95,
        104,
        114,
        126,
        138,
        151,
        166,
        183,
        200,
        220,
        242,
        265,
        291,
        319,
        351,
        385,
        422,
        464,
        509,
        559,
        613,
        673,
        739,
        811,
        890,
        977,
        1072,
        1176,
        1291,
        1417,
        1555,
        1707,
        1873,
        2056,
        2257,
        2477,
        2718,
        2983,
        3274,
        3593,
        3944,
        4328,
        4750,
        5214,
        5722,
        6280,
        6892,
        7564,
        8302,
        9111,
        10000
    ],
    "algorithm": 1,
    "dataset": "../data/mixture_of_Gaussians_N100000_D2",
    "delta": 1e-06,
    "dists_alg1": [
        [
            0.46062142062652733,
            0.46139419602586307,
            0.46061850753200034,
            0.4402126104700717,
            0.4394172713852073,
            0.4389903566784233,
            0.37147411533606306,
            0.3435442099656203,
            0.34353976606516695,
            0.34390832662285997,
            0.3434915481897411,
            0.3439981925135376,
            0.3446542170035267,
            0.34400756689408196,
            0.33919221141382244,
            0.3389377422033512,
            0.3413240982926144,
            0.34100617590782517,
            0.3395101277018516,
            0.34500182313984673,
            0.3419766685257273,
            0.3419344608938868,
            0.34130982578366575,
            0.3438274724460592,
            0.34277339159372633,
            0.3431875800751109,
            0.3345174425134176,
            0.3377127404445251,
            0.335832485483115,
            0.2874319607060886,
            0.28631507812857954,
            0.28856089763910314,
            0.15929066928328092,
            0.16034501744682012,
            0.16308741933768456,
            0.16825608951455612,
            0.15912236258922544,
            0.15892919103616343,
            0.15559241760407866,
            0.15421706008381605,
            0.16056589561536225,
            0.16775198471749128,
            0.1720593808229554,
            0.1784743228031482,
            0.16786260027664032,
            0.1800664815460781,
            0.2035913340407013,
            0.210137597416607,
            0.20339220559663737,
            0.22031466985180725,
            0.2251412227525388,
            0.23924935964308242,
            0.2322561876498404,
            0.25515972976290435,
            0.24338515279545814,
            0.24996813202994078,
            0.27222554998432325,
            0.28226640169724465,
            0.2895526149795188,
            0.29886942673581857,
            0.2996082814971989,
            0.3097486734502105,
            0.30220737096125067,
            0.3240876061876035,
            0.31441364663981225,
            0.34089079575735604,
            0.34333659872873096,
            0.3432123432713467,
            0.3601815704956379,
            0.3534379224255275,
            0.37435538786327244,
            0.38008239153512474,
            0.37244353255613666,
            0.3843206574224145,
            0.3938931444813878,
            0.3937886252224318,
            0.41440890347545317,
            0.40649136266877706,
            0.413472586732788,
            0.4232692945989612,
            0.427831917321798,
            0.43307708895692837,
            0.43861134588134404,
            0.440725096117807
        ],
        [
            0.46060814068256184,
            0.46060895410029756,
            0.460610092685676,
            0.43989395627815686,
            0.4386013588857402,
            0.4385773047799567,
            0.36999337620926165,
            0.34201371341557707,
            0.34200335072969645,
            0.3420018195740435,
            0.3419979573950212,
            0.34202173464254937,
            0.3420003561085134,
            0.3416754153086516,
            0.33759529367522856,
            0.33760477207300715,
            0.33759550429139834,
            0.33761371959575753,
            0.3376113562703316,
            0.33761177153426564,
            0.33754403031405017,
            0.33750833034218297,
            0.33744211421469367,
            0.3371964064127569,
            0.33721407322964264,
            0.3366767144411156,
            0.3293021671715106,
            0.32926633577456466,
            0.32824776339536965,
            0.2759206663736791,
            0.27285164729683886,
            0.2728469378945413,
            0.12726739179316846,
            0.12726942450295758,
            0.11837767101752954,
            0.11593233483187003,
            0.11282406167755811,
            0.10889173878020596,
            0.08784028794443684,
            0.08786710495708447,
            0.07833133949486537,
            0.07743150352277929,
            0.07500566257328153,
            0.06713536651660727,
            0.034481142306960616,
            0.032570708816255456,
            0.030417817354336376,
            0.025540199172992065,
            0.024792880634551515,
            0.025654923978091902,
            0.02642352517376284,
            0.024507818514076355,
            0.023715612582468907,
            0.024992413462532462,
            0.025145576351950635,
            0.02656045817963531,
            0.02760358942391826,
            0.027818648037999463,
            0.028384501331748576,
            0.028937884448224933,
            0.03054589220672948,
            0.031489937058425795,
            0.032279668981358214,
            0.03155016666740356,
            0.03238668140249205,
            0.03565189664639983,
            0.034953611914461266,
            0.03434225122173334,
            0.036113635756000906,
            0.03530955723215281,
            0.03595665535489682,
            0.03852002159117354,
            0.03867442374964844,
            0.0394112208191794,
            0.03842073937688871,
            0.0396382467693923,
            0.0407383359449269,
            0.04042964672344756,
            0.04091341242300469,
            0.04395998313930452,
            0.04336014197296431,
            0.043150890462589714,
            0.04573044224695614,
            0.0427160740787313
        ],
        [
            0.46060814884215623,
            0.4606081542281954,
            0.4606081909370137,
            0.4398919481071688,
            0.43859254857503643,
            0.4385753024969682,
            0.3699806905766854,
            0.3419962289435383,
            0.3419926967114593,
            0.3419926909505064,
            0.3419926040539825,
            0.34198653522510575,
            0.3419866325411158,
            0.3416627225716558,
            0.33757400294981466,
            0.3375740612910594,
            0.33757095137597887,
            0.33756951844432276,
            0.3375687943802476,
            0.33756872054830894,
            0.3374921720735532,
            0.33744939371195687,
            0.3373945580911911,
            0.3371375375720655,
            0.3371295075986456,
            0.33659604700090284,
            0.32922540999135724,
            0.32919792275118864,
            0.32814908586221647,
            0.2757972346986565,
            0.2727014429075515,
            0.2726880193610229,
            0.12685467967202657,
            0.12678985901067,
            0.11804561592791712,
            0.11538648223919425,
