{
    "D": 2,
    "N_private": 100000,
    "Ns_public": [
        1,
        2,
        3,
        4,
        5,
        6,
        7,
        8,
        9,
        10,
        11,
        12,
        13,
        14,
        16,
        17,
        19,
        21,
        23,
        25,
        28,
        31,
        34,
        37,
        41,
        45,
        49,
        54,
        59,
        65,
        72,
        79,
        86,
        95,
        104,
        114,
        126,
        138,
        151,
        166,
        183,
        200,
        220,
        242,
        265,
        291,
        319,
        351,
        385,
        422,
        464,
        509,
        559,
        613,
        673,
        739,
        811,
        890,
        977,
        1072,
        1176,
        1291,
        1417,
        1555,
        1707,
        1873,
        2056,
        2257,
        2477,
        2718,
        2983,
        3274,
        3593,
        3944,
        4328,
        4750,
        5214,
        5722,
        6280,
        6892,
        7564,
        8302,
        9111,
        10000
    ],
    "algorithm": 1,
    "dataset": "../data/mixture_of_Gaussians_N100000_D2",
    "delta": 1e-06,
    "dists_alg1": [
        [
            0.2932708427442926,
            0.290530648582688,
            0.2740019939548103,
            0.2438510862928289,
            0.23932981272948795,
            0.2010412577945549,
            0.17907420157597942,
            0.1761171804210811,
            0.14852721244991948,
            0.143749756750948,
            0.14315223428236792,
            0.14346984527657552,
            0.12363739758109948,
            0.09519538908121619,
            0.08585201510128555,
            0.08116602702804301,
            0.09151091271654382,
            0.08902480453709806,
            0.08772115551578098,
            0.08421926486344873,
            0.09404353574189112,
            0.07744770076478194,
            0.07743052831220301,
            0.08124356965855768,
            0.05966466441393259,
            0.07062193992823816,
            0.056378325924430255,
            0.06949736615927062,
            0.07748053904677711,
            0.08516363107940729,
            0.08022280509092825,
            0.0833283103937851,
            0.07576813617029785,
            0.08553067127546361,
            0.08793309670934002,
            0.08556072049872311,
            0.10467336618321735,
            0.09391785705019694,
            0.098464974889896,
            0.0896209211911142,
            0.0998531273509365,
            0.08949107703808241,
            0.09660874627451313,
            0.10011649732359126,
            0.10501609201519073,
            0.10585907894508871,
            0.10777918712834907,
            0.10038009551140427,
            0.11585714523121612,
            0.10785428749142052,
            0.10533141818909096,
            0.11794553445821897,
            0.10034499580645642,
            0.11256823136554626,
            0.10828134525774931,
            0.11101300990354418,
            0.12877306756199872,
            0.11497421839360593,
            0.11348080579026619,
            0.10856180178914816,
            0.11275881377220062,
            0.11171028627549248,
            0.11455885322729781,
            0.1179895133792677,
            0.12632964280446654,
            0.1296077670046103,
            0.11448436041137906,
            0.1157542247348303,
            0.12558361223494022,
            0.12470728830037914,
            0.11569756312824964,
            0.1207671824436225,
            0.12189145918901349,
            0.12123069765425115,
            0.1238010211841554,
            0.1364756433800589,
            0.13845040520765045,
            0.13297379944997736,
            0.13156336245376474,
            0.1286721508045594,
            0.12356328752595995,
            0.1354902243994568,
            0.12054885650893754,
            0.13068677413229027
        ],
        [
            0.292674689900076,
            0.2888848607683296,
            0.27353097151857103,
            0.24207447613672112,
            0.23816141661515064,
            0.19941526149803016,
            0.17692170139439972,
            0.17254278495184366,
            0.14228959081426545,
            0.13953896492793574,
            0.13952702175223516,
            0.13874829967543342,
            0.11715503698189898,
            0.08610946675658726,
            0.07872429452357767,
            0.07599575929816049,
            0.07368745693720714,
            0.07313376143748694,
            0.07039085309931456,
            0.06921742535558138,
            0.060655850745765655,
            0.05999247609934417,
            0.059931560704065606,
            0.058779331532629917,
            0.02908231240124396,
            0.027379938248371618,
            0.01648626498641388,
            0.016485979347861106,
            0.01625302018114139,
            0.016036222999987776,
            0.015567495278431596,
            0.015683870574603576,
            0.015587198874934488,
            0.013570331083525287,
            0.01305548076369954,
            0.012750640974740919,
            0.00981975284181188,
            0.009336786484904226,
            0.009893119022947034,
            0.010167015061131676,
            0.010237525589462825,
            0.010516963936794575,
            0.010248425691024908,
            0.01030313514982872,
            0.009507553359989583,
            0.009964239681244725,
            0.010154432656148413,
            0.011687341551851759,
            0.011458949588822006,
            0.011617965833710385,
            0.009930630030223693,
            0.011673796799884242,
            0.011844647516247907,
            0.01094271600428168,
            0.01140590474390677,
            0.010951488307631296,
            0.012227716652568577,
            0.011447980452695574,
            0.012725020709825112,
            0.01205124260889689,
            0.011738506127510486,
            0.012121639608010423,
            0.011990983611854572,
            0.01340813855785414,
            0.012655516228016533,
            0.011672646389621929,
            0.014297312622404044,
            0.01210150676753508,
            0.0118501323426536,
            0.012665130276346729,
            0.011117421279797753,
            0.012726308656454173,
            0.013049738428624344,
            0.012852941810892226,
            0.011241522101713218,
            0.012002511472795598,
            0.013487829119452892,
            0.012812259041766121,
            0.0135503540888671,
            0.01185645393374193,
            0.013065187951115206,
            0.012766891540149785,
            0.013513813775651579,
            0.013311048483845032
        ],
        [
            0.29267440105085046,
            0.2888812502473584,
            0.27352939661022957,
            0.24205471227485176,
            0.23815404999813092,
            0.19940970126184343,
            0.17690675589036803,
            0.172526991320317,
            0.1422702701191372,
            0.13950275131043216,
            0.13947548342010693,
            0.13871167423127717,
            0.11710324324749959,
            0.08601650209549659,
            0.07857476362501313,
            0.07583180740020701,
            0.0736261933571749,
            0.07293271267496193,
            0.07024225829063745,
            0.06906038159142501,
            0.06049519591096977,
            0.059782614266386924,
            0.05954308740357945,
            0.058545308411151874,
            0.028402780680752207,
            0.02650481067867955,
            0.014942140971317087,
            0.014918431351917887,
            0.01450960008161035,
            0.014343257990385319,
            0.01383833660015031,
            0.013481667467701209,
            0.013062468728938435,
            0.011114543453965665,
