{
    "D": 2,
    "J": 10000,
    "M": 10000,
    "Ms_report": [
        1,
        3,
        5,
        10,
        17,
        31,
        56,
        100,
        177,
        316,
        562,
        1000,
        1778,
        3162,
        5623,
        10000
    ],
    "N_private": 100000,
    "algorithm": 2,
    "dataset": "../data/mixture_of_Gaussians_N100000_D2",
    "delta": 1e-06,
    "dists_alg2": [
        [
            0.2865269244131952,
            0.2890652953497617,
            0.2202701484865629,
            0.13954942188640196,
            0.1332972329097499,
            0.1335094035864971,
            0.15844587249962963,
            0.17985393150386714,
            0.190816010565445,
            0.21130880874694177,
            0.22664455443457598,
            0.2423926689827917,
            0.26233402056584443,
            0.2837970872102447,
            0.3035671010003512,
            0.3210288085965272
        ],
        [
            0.28467693251430226,
            0.2848992237808179,
            0.17457274223046676,
            0.11844874900527919,
            0.07992717526515805,
            0.07357819284470173,
            0.04956597190115797,
            0.03422791232843722,
            0.022716507448807786,
            0.02127467950013847,
            0.018432061991231423,
            0.018805560290315677,
            0.01905126680686459,
            0.01952514968072245,
            0.020454383549874642,
            0.02087199047705111
        ],
        [
            0.2846713324216237,
            0.28481822120601985,
            0.1746127337201965,
            0.11867109375647086,
            0.08008461842121797,
            0.07042708590891054,
            0.044839865921783593,
            0.03182117325791824,
            0.019605202703925774,
            0.014026742546669772,
            0.011063059193252693,
            0.008972050839980183,
            0.006793314078263518,
            0.0048056540553349635,
            0.004223232838466101,
            0.002512411768326942
        ]
    ],
    "epsilons": [
        0.01,
        0.1,
        1.0
    ],
    "kernel": "EQKernel(D=2, gamma=0.000050)",
    "lr": 100.0,
    "num_iters": 100,
    "public_data": "random"
}