{
    "D": 5,
    "J": 10000,
    "M": 10000,
    "Ms_report": [
        1,
        3,
        5,
        10,
        17,
        31,
        56,
        100,
        177,
        316,
        562,
        1000,
        1778,
        3162,
        5623,
        10000
    ],
    "N_private": 100000,
    "algorithm": 2,
    "dataset": "../data/mixture_of_Gaussians_N100000_D5",
    "delta": 1e-06,
    "dists_alg2": [
        [
            0.41040523177541477,
            0.36128720226307337,
            0.3642845542300366,
            0.3715544531454117,
            0.3844280456867956,
            0.39237813817918815,
            0.42726325430816053,
            0.48009005656568954,
            0.5664016386774889,
            0.5717120489064765,
            0.7101826491135776,
            0.854147183867362,
            0.9730474718554347,
            1.048613056080065,
            1.0613580565689793,
            1.0317845682672424
        ],
        [
            0.4091807051144771,
            0.35695215401369584,
            0.357389248198578,
            0.35861334015658747,
            0.36009953931089916,
            0.34876174541471566,
            0.33623979609748067,
            0.33716078809417,
            0.06784902878555713,
            0.06792852451587554,
            0.07372267625083131,
            0.0871665978838173,
            0.10113046246967922,
            0.10565820068603765,
            0.1030213219218842,
            0.09733636026074763
        ],
        [
            0.4091017137653923,
            0.35679704510677024,
            0.3572461418775841,
            0.3583145153487141,
            0.3583939016296263,
            0.3459408496290006,
            0.3334544804543792,
            0.3337056748284266,
            0.061128353778214864,
            0.05275099795929345,
            0.044252570241359535,
            0.03797719851104972,
            0.03714461049175238,
            0.036727783512258035,
            0.035855048413209835,
            0.03406716295682864
        ]
    ],
    "epsilons": [
        0.01,
        0.1,
        1.0
    ],
    "kernel": "EQKernel(D=5, gamma=0.000020)",
    "lr": 100.0,
    "num_iters": 100,
    "public_data": "random"
}