{
    "D": 5,
    "N_private": 100000,
    "Ns_public": [
        1,
        2,
        3,
        4,
        5,
        6,
        7,
        8,
        9,
        10,
        11,
        12,
        13,
        14,
        16,
        17,
        19,
        21,
        23,
        25,
        28,
        31,
        34,
        37,
        41,
        45,
        49,
        54,
        59,
        65,
        72,
        79,
        86,
        95,
        104,
        114,
        126,
        138,
        151,
        166,
        183,
        200,
        220,
        242,
        265,
        291,
        319,
        351,
        385,
        422,
        464,
        509,
        559,
        613,
        673,
        739,
        811,
        890,
        977,
        1072,
        1176,
        1291,
        1417,
        1555,
        1707,
        1873,
        2056,
        2257,
        2477,
        2718,
        2983,
        3274,
        3593,
        3944,
        4328,
        4750,
        5214,
        5722,
        6280,
        6892,
        7564,
        8302,
        9111,
        10000
    ],
    "algorithm": 1,
    "dataset": "../data/mixture_of_Gaussians_N100000_D5",
    "delta": 1e-06,
    "dists_alg1": [
        [
            0.27956159132424024,
            0.2779633479885583,
            0.2580520907357317,
            0.2528668707315191,
            0.2483375580841482,
            0.19624452457260017,
            0.19174169371778035,
            0.1926535252488358,
            0.1889049258736202,
            0.18550408000835555,
            0.1830513009772349,
            0.16465010952706216,
            0.1647406824822091,
            0.1271960220302434,
            0.10868679092818391,
            0.10550813430033594,
            0.11508425761062245,
            0.11344884377993714,
            0.1058532044509433,
            0.10010156871153501,
            0.10967830498591741,
            0.08556579819877176,
            0.08088198501646367,
            0.08011543189226762,
            0.0788532977254302,
            0.08438161668027241,
            0.08701633477303225,
            0.08253734603399633,
            0.09223475043459889,
            0.08194207604740722,
            0.09713533325143224,
            0.09474998856897979,
            0.09996008474609917,
            0.10297000658892143,
            0.11312821457567605,
            0.11073651380881872,
            0.1270069318497129,
            0.12950680400763365,
            0.13110581528224605,
            0.15088596572803806,
            0.1400217158622349,
            0.14582874432862936,
            0.16588419219501288,
            0.16175547225748427,
            0.16081038630988934,
            0.16953800942779057,
            0.17329619660853132,
            0.18301197940735778,
            0.19521971626874549,
            0.19647665165587574,
            0.20811429561980918,
            0.22183290655457352,
            0.22106879927086115,
            0.2320454167407434,
            0.24806774112092095,
            0.2599971343876926,
            0.2681729816898448,
            0.27030613865602476,
            0.2806840510829464,
            0.2925551304654301,
            0.3078102241812625,
            0.3145463283123516,
            0.3217109196854411,
            0.3277116353542247,
            0.32291881440632614,
            0.3576217311935958,
            0.3604762479681662,
            0.3498811716806419,
            0.36233355044239435,
            0.36688448258237955,
            0.35906490042616007,
            0.3835972119782513,
            0.3971943364703385,
            0.38962488010145635,
            0.4069860076651144,
            0.41840590329402383,
            0.41904756585088376,
            0.4210827786549853,
            0.4310631035125389,
            0.42732107632465,
            0.44556169195718176,
            0.4381908311913219,
            0.44474034635304666,
            0.4527218247555879
        ],
        [
            0.2789361400892677,
            0.2762426973519267,
            0.2575519000546565,
            0.251154044411445,
            0.24721173891666487,
            0.19457844846600283,
            0.1897329593507088,
            0.1893914786632975,
            0.1840409352162327,
            0.18226051099168308,
            0.18023042586775698,
            0.16055264783370174,
            0.1599330768612537,
            0.1205466971057185,
            0.1031492344787407,
            0.10158443724963236,
            0.10148881964751733,
            0.1014582248717707,
            0.09200419538020166,
            0.08785494554774773,
            0.08285092757137445,
            0.07016022132357339,
            0.06429354775522735,
            0.05740278804312771,
            0.05399637956854864,
            0.04996402626268478,
            0.04760420786629581,
            0.043338617895041655,
            0.04088886122948703,
            0.03842474525161604,
            0.037600012285426095,
            0.037428652779743984,
            0.023061361094018722,
            0.022131637905241523,
            0.018338672977084462,
            0.017889226145448016,
            0.01637417272984569,
            0.01543630524700714,
            0.016138185017628866,
            0.015017658766404842,
            0.01559933538553839,
            0.01669481567080108,
            0.014861624864283923,
            0.017166299519166702,
            0.015953064772230578,
            0.018294364437149605,
            0.018866937848735325,
            0.020227879465270368,
            0.020383089300753072,
            0.021760482725897666,
            0.021955928951128276,
            0.021974225133223144,
            0.022733154527732616,
            0.023192922440644168,
            0.024710043231764938,
            0.024462190333480294,
            0.026612190817217066,
            0.02702891355900841,
            0.028517895858889024,
            0.02857088736697503,
            0.029773865061673364,
            0.030649638726801723,
            0.031293699014295344,
            0.03362545925414873,
            0.03351884658523367,
            0.03459549684541615,
            0.03444069904400312,
            0.03581092290198385,
            0.036811312695170455,
            0.03645940816884576,
            0.03634740061976824,
            0.040208026233701975,
            0.03985552209924458,
            0.0398635923218468,
            0.03866396737799963,
            0.04023726597269597,
            0.04148318990346718,
            0.042045625010270905,
            0.04261831556204023,
            0.04300853687031866,
            0.04459002777101891,
            0.04461767031160134,
            0.04519224592272534,
            0.0454199611719442
        ],
        [
            0.27893583701322416,
            0.27623892159434726,
            0.2575502274350126,
            0.2511349950959033,
            0.24720464199642003,
            0.19457275000998178,
            0.18971902308240682,
            0.1893770901808689,
            0.18402599800285496,
            0.18223278727213185,
            0.180190529952872,
            0.1605209974789372,
            0.15989514052390905,
            0.12048030773009544,
            0.10303515664103133,
            0.10146184245125192,
            0.10144434706695879,
            0.10131339946060432,
            0.0918905578243904,
            0.08773127030821135,
            0.08273338321408875,
            0.06998085764101711,
            0.06390229862380603,
            0.05712899647951079,
            0.053589271441073984,
            0.04927848156598679,
            0.046941627592653606,
            0.042726099758100364,
            0.039984424091614366,
            0.037497755432575795,
            0.03646678761503935,
            0.036279812214266384,
            0.020958512129136866,
            0.020111782498157833,
            0.014781231311547873,
