{
    "D": 5,
    "N_private": 100000,
    "Ns_public": [
        1,
        2,
        3,
        4,
        5,
        6,
        7,
        8,
        9,
        10,
        11,
        12,
        13,
        14,
        16,
        17,
        19,
        21,
        23,
        25,
        28,
        31,
        34,
        37,
        41,
        45,
        49,
        54,
        59,
        65,
        72,
        79,
        86,
        95,
        104,
        114,
        126,
        138,
        151,
        166,
        183,
        200,
        220,
        242,
        265,
        291,
        319,
        351,
        385,
        422,
        464,
        509,
        559,
        613,
        673,
        739,
        811,
        890,
        977,
        1072,
        1176,
        1291,
        1417,
        1555,
        1707,
        1873,
        2056,
        2257,
        2477,
        2718,
        2983,
        3274,
        3593,
        3944,
        4328,
        4750,
        5214,
        5722,
        6280,
        6892,
        7564,
        8302,
        9111,
        10000
    ],
    "algorithm": 1,
    "dataset": "../data/mixture_of_Gaussians_N100000_D5",
    "delta": 1e-06,
    "dists_alg1": [
        [
            0.4090219873695601,
            0.40968000015116857,
            0.4093675705373878,
            0.40958918222678625,
            0.40955889530680634,
            0.4091691233701335,
            0.4095088444391319,
            0.410346574846265,
            0.41075366824816895,
            0.41252244311669833,
            0.410239712636097,
            0.4107773014950159,
            0.41216312055840926,
            0.4110504703651514,
            0.4123944721554497,
            0.4114934280007963,
            0.4114382546504494,
            0.4116997182725957,
            0.41102330751417676,
            0.4111182689100318,
            0.41279251294281105,
            0.4115211852726323,
            0.41406460493404096,
            0.4146804826090889,
            0.4156727009249811,
            0.41498320420617446,
            0.4158622427944246,
            0.41348709313382803,
            0.41509520661757676,
            0.41441482607983393,
            0.41666124942190585,
            0.4175547120018255,
            0.41988225391451367,
            0.41463944358907306,
            0.4190770656069998,
            0.4207703460759964,
            0.42104113773084484,
            0.42335277997125315,
            0.4201138281823728,
            0.4239806205051529,
            0.42326024409949087,
            0.42758566033556245,
            0.4275811452351014,
            0.4253557864406542,
            0.4302426312368944,
            0.4216582595876843,
            0.4361338920091684,
            0.43915040270731903,
            0.4380431062872256,
            0.43896264392980844,
            0.4477746442041931,
            0.45792013266463133,
            0.4694958506246495,
            0.4671562827133398,
            0.4770806423614115,
            0.4773490076951437,
            0.49356353071212117,
            0.5000979787369342,
            0.4538860066630661,
            0.46217744171511926,
            0.4764633648546584,
            0.48889339636420537,
            0.5033539757553956,
            0.5111167664969005,
            0.5250412817472925,
            0.5509125237826845,
            0.5607406906930678,
            0.5920173576468504,
            0.5988942596981358,
            0.6300770861629705,
            0.6202814036596873,
            0.6605599879338917,
            0.6829754960761376,
            0.7167428525288414,
            0.739930995125475,
            0.7624800691602058,
            0.794973184268733,
            0.8304099882569642,
            0.8704704155975307,
            0.8933302360081568,
            0.9626048039072412,
            0.986460806697941,
            1.0361907894677633,
            1.0735679804607756
        ],
        [
            0.40902535617401387,
            0.4090173607065627,
            0.4089295427704193,
            0.4089208137876337,
            0.40892374777193036,
            0.4089279278535328,
            0.40893804171656395,
            0.40892987363586547,
            0.4089246276883602,
            0.40893398288415717,
            0.4089232612781038,
            0.408881725291446,
            0.40888904515529917,
            0.40889255338867636,
            0.40890484442003433,
            0.4088939099260908,
            0.4088941459978369,
            0.4089134204167564,
            0.40889920334728136,
            0.40891308466056214,
            0.40890841591550514,
            0.4088962264827516,
            0.4089029263605428,
            0.408913951017758,
            0.40890775041144484,
            0.4089513830667667,
            0.40873065106262096,
            0.4057125190290198,
            0.40572559202618996,
            0.4057071271991418,
            0.40570960405692397,
            0.4056857988777505,
            0.4056808103372794,
            0.40478795106206517,
            0.4047854152091254,
            0.4017493989962335,
            0.4017486686905987,
            0.4017434982246576,
            0.40170195237186684,
            0.4015041070031024,
            0.3998761428675633,
            0.39987182211897354,
            0.393922207883682,
            0.3937526546689412,
            0.3937852915946393,
            0.3897743986344422,
            0.3897540846307023,
            0.3894392945565594,
            0.38926155779065896,
            0.38931855293256534,
            0.38937554605676594,
            0.38911912091793327,
            0.38912838067578864,
            0.3893292613995774,
            0.3862192482733752,
            0.3859225985531233,
            0.38589141754323153,
            0.3855714236673986,
            0.3143657374212056,
            0.3123955574373588,
            0.31061379145466234,
            0.30869704203268594,
            0.3068140626916028,
            0.30616144122403455,
            0.3000917845345108,
            0.2985958850619989,
            0.29788331579742294,
            0.2937814414468356,
            0.28893064903509796,
            0.28808032792836746,
            0.26889902277559474,
            0.2655004844487001,
            0.25975185164675624,
            0.25537021937429627,
            0.2555559838994057,
            0.25470100428661685,
            0.24987700395180637,
            0.24759767390950402,
            0.23728688206187631,
            0.2374709902981344,
            0.23602665786996657,
            0.23353864682700382,
            0.23476384267647554,
            0.23246148876620187
        ],
        [
            0.409021424586184,
            0.4090161828988555,
            0.4089183859219501,
            0.4089182568170843,
            0.408918190525964,
            0.4089181991208182,
            0.4089182691262508,
            0.4089179240418716,
            0.40891813644060043,
            0.4089179905913346,
            0.4089179676384267,
            0.40887602196381134,
            0.4088759888601681,
            0.4088761121102376,
            0.40887603814350176,
            0.4088760595160264,
            0.40887449920445085,
            0.40887434261669325,
            0.40887465119422495,
            0.4088713504655581,
            0.4088711438716997,
            0.4088711730212986,
            0.40887118171351206,
            0.40887131191994924,
            0.40887110594830245,
            0.4088714465424495,
            0.40866215690366786,
            0.4056399369488863,
            0.4056401591641358,
            0.4056260626682112,
            0.4055951103551837,
            0.40559147269798157,
            0.40557890505983835,
            0.4046763649865064,
            0.4046756757480862,
            0.40159090639662026,
            0.401554144845593,
            0.40155375443149677,
